<?xml version="1.0" encoding="UTF-8"?>
<beans xmlns="http://www.springframework.org/schema/beans"
	xmlns:xsi="http://www.w3.org/2001/XMLSchema-instance" 
	xmlns:aop="http://www.springframework.org/schema/aop"
	xsi:schemaLocation="http://www.springframework.org/schema/beans 
	http://www.springframework.org/schema/beans/spring-beans-4.0.xsd">
	
	<bean id="account" class ="com.cg.ac.entity.Account">
	<property name="contactNo"><value>7415417237</value></property>
	<property name="balance"><value>10000</value></property>
	<property name="accountType"><value>savings</value></property>
	<property name="accountNo"><value>1310202123</value></property>
	</bean>
	<bean id="customer" class ="com.cg.ac.entity.Customer">
	<property name="panNo"><value>ASDF526</value></property>
	<property name="name"><value>Raushan</value></property>
	<property name="aadharNo"><value>1236542364445</value></property>

	</bean>
	</beans>