<?xml version="1.0" encoding="UTF-8"?>
<?xml version="1.0" encoding="UTF-8"?>
<beans xmlns="http://www.springframework.org/schema/beans"
	xmlns:xsi="http://www.w3.org/2001/XMLSchema-instance" 
	xmlns:aop="http://www.springframework.org/schema/aop"
	xsi:schemaLocation="http://www.springframework.org/schema/beans 
	http://www.springframework.org/schema/beans/spring-beans-4.0.xsd">
	
	<bean id="account" class ="com.cg.ac.Account">
	<property name="currList">
	<list>
	<value>USD</value>
	<value>EUR </value>
	<value>INR </value>
	<value>GBP </value>
	<value>AUD </value>
	</list>
	</property>
	</bean>
	
	</beans>